{
  "files": [
    {
      "filepath": "C:/gps/location-based-webxr/GpsPlusSlamJs_RecorderApp/src/state/ref-points-slice.bench.ts",
      "groups": [
        {
          "fullName": "src/state/ref-points-slice.bench.ts > selectKnownAnchorsByCell (H3 grouping for proximity matching)",
          "benchmarks": [
            {
              "id": "-1351216096_0_0",
              "name": "100 entries (typical session)",
              "rank": 1,
              "rme": 0.4463017530301736,
              "samples": [],
              "totalTime": 500.00020000000876,
              "min": 0.002200000000016189,
              "max": 0.2784000000000333,
              "hz": 308939.876424044,
              "period": 0.0032368757687577443,
              "mean": 0.0032368757687577443,
              "variance": 0.00000839153194651398,
              "sd": 0.0028968141028574788,
              "sem": 0.0000073705271935585325,
              "df": 154469,
              "critical": 1.96,
              "moe": 0.000014446233299374723,
              "p75": 0.003199999999992542,
              "p99": 0.006799999999998363,
              "p995": 0.007499999999993179,
              "p999": 0.01969999999994343,
              "sampleCount": 154470,
              "median": 0.0030999999999039574
            },
            {
              "id": "-1351216096_0_1",
              "name": "2k entries (large imported landmark list)",
              "rank": 2,
              "rme": 0.8288821085336181,
              "samples": [],
              "totalTime": 500.04129999998713,
              "min": 0.04629999999997381,
              "max": 0.8585999999997966,
              "hz": 15966.681152137244,
              "period": 0.06263042334669178,
              "mean": 0.06263042334669178,
              "variance": 0.0005600987598859432,
              "sd": 0.023666405723851335,
              "sem": 0.00026486345592836234,
              "df": 7983,
              "critical": 1.96,
              "moe": 0.0005191323736195902,
              "p75": 0.061599999999998545,
              "p99": 0.15640000000007603,
              "p995": 0.20810000000005857,
              "p999": 0.3263999999999214,
              "sampleCount": 7984,
              "median": 0.05829999999991742
            }
          ]
        }
      ]
    }
  ]
}