{
  "files": [
    {
      "filepath": "C:/gps/location-based-webxr/GpsPlusSlamJs_AppFramework/src/utils/fused-path.bench.ts",
      "groups": [
        {
          "fullName": "src/utils/fused-path.bench.ts > computeFusedPath (summary-map trajectory fusion)",
          "benchmarks": [
            {
              "id": "420640947_0_0",
              "name": "1k odometry positions (~1.5 min recording)",
              "rank": 1,
              "rme": 0.6952999822745712,
              "samples": [],
              "totalTime": 500.0091000000003,
              "min": 0.07780000000002474,
              "max": 0.6720000000000255,
              "hz": 10461.809595065364,
              "period": 0.09558575798126559,
              "mean": 0.09558575798126559,
              "variance": 0.0006014553477953665,
              "sd": 0.024524586597848425,
              "sem": 0.00033908559096977256,
              "df": 5230,
              "critical": 1.96,
              "moe": 0.0006646077583007542,
              "p75": 0.09640000000001692,
              "p99": 0.21440000000006876,
              "p995": 0.22489999999993415,
              "p999": 0.3048000000000002,
              "sampleCount": 5231,
              "median": 0.09050000000002001
            },
            {
              "id": "420640947_0_1",
              "name": "10k odometry positions (~15 min recording)",
              "rank": 2,
              "rme": 2.506878900342615,
              "samples": [],
              "totalTime": 500.1914999999997,
              "min": 0.8032000000000608,
              "max": 3.1588999999999032,
              "hz": 953.6347578877296,
              "period": 1.0486194968553453,
              "mean": 1.0486194968553453,
              "variance": 0.08580425064848328,
              "sd": 0.2929236259650001,
              "sem": 0.01341205148548242,
              "df": 476,
              "critical": 1.96,
              "moe": 0.02628762091154554,
              "p75": 1.0247999999999138,
              "p99": 2.3965999999998076,
              "p995": 2.614699999999857,
              "p999": 3.1588999999999032,
              "sampleCount": 477,
              "median": 0.9507000000000971
            }
          ]
        }
      ]
    }
  ]
}